Workbook

Sheet JobGroupExecutions
A1: id | B1: jobGroupId | C1: businessDate | D1: startTime | E1: tagId
A2: jge_0001 | B2: JG_TEST | C2: 2026-01-01 | D2: 0.25 | E2: [TAG_YEAR_START_DATE,TAG_MONTH_START_DATE]
A3: jge_0002 | B3: JG_TEST | C3: 2026-01-02 | D3: 0.25 | E3: [TAG_WEEKDAY_END_DATE]
A4: jge_0003 | B4: JG_TEST | C4: 2026-01-03 | D4: 0.25 | E4: [TAG_WEEKEND_START_DATE]
A5: jge_0004 | B5: JG_MID | C5: 2026-01-01 | D5: 0.58333333 | E5: [TAG_YEAR_START_DATE,TAG_MONTH_START_DATE]
A6: jge_0005 | B6: JG_MID | C6: 2026-01-02 | D6: 0.58333333 | E6: [TAG_WEEKDAY_END_DATE]
A7: jge_0006 | B7: JG_MID | C7: 2026-01-03 | D7: 0.58333333 | E7: [TAG_WEEKEND_START_DATE]
A8: jge_0007 | B8: JG_EOD | C8: 2026-01-01 | D8: 0.875 | E8: [TAG_YEAR_START_DATE,TAG_MONTH_START_DATE]
A9: jge_0008 | B9: JG_EOD | C9: 2026-01-02 | D9: 0.875 | E9: [TAG_WEEKDAY_END_DATE]
A10: jge_0009 | B10: JG_EOD | C10: 2026-01-03 | D10: 0.875 | E10: [TAG_WEEKEND_START_DATE]

Sheet JobContextExecutions
A1: id | B1: jobContextId | C1: jobGroupExecId | D1: businessDate | E1: expectedStartTime | F1: startTime | G1: endTime | H1: durationMs | I1: volume | J1: status | K1: exitCode | L1: exitMessage | M1: retryCount
A2: jbex_0001 | B2: ctx_0028 | C2: jge_0001 | D2: 2026-01-01 | E2: =JobGroupExecutions!D2 -> 0.25 | F2: =IF(JobGroupExecutions!D2 > ResourceAvailabilityEvents!D2, JobGroupExecutions!D2, ResourceAvailabilityEvents!D2) -> 0.26388889 | G2: =F2 + RANDBETWEEN(5, 120) / 86400 -> 0.2649537 | H2: =(G2 - F2) * 86400000 -> 92000 | I2: =RANDBETWEEN(80000, 120000) -> 89906 | J2: COMPLETED | K2: 0 | L2: Success | M2: 0
A3: jbex_0002 | B3: ctx_0022 | C3: jge_0001 | D3: 2026-01-01 | E3: =F3 -> 0.2649537 | F3: =G2 -> 0.2649537 | G3: =F3 + RANDBETWEEN(5, 120) / 86400 -> 0.26621528 | H3: =(G3 - F3) * 86400000 -> 109000 | I3: =RANDBETWEEN(80000, 120000) -> 81739 | J3: COMPLETED | K3: 0 | L3: Success | M3: 0
A4: jbex_0003 | B4: ctx_0023 | C4: jge_0001 | D4: 2026-01-01 | E4: =F4 -> 0.2649537 | F4: =G2 -> 0.2649537 | G4: =F4 + RANDBETWEEN(5, 120) / 86400 -> 0.26582176 | H4: =(G4 - F4) * 86400000 -> 75000 | I4: =RANDBETWEEN(80000, 120000) -> 93340 | J4: COMPLETED | K4: 0 | L4: Success | M4: 0
A5: jbex_0004 | B5: ctx_0024 | C5: jge_0001 | D5: 2026-01-01 | E5: =F5 -> 0.26621528 | F5: =G3 -> 0.26621528 | G5: =F5 + RANDBETWEEN(5, 120) / 86400 -> 0.26689815 | H5: =(G5 - F5) * 86400000 -> 59000 | I5: =RANDBETWEEN(80000, 120000) -> 95855 | J5: COMPLETED | K5: 0 | L5: Success | M5: 0
A6: jbex_0005 | B6: ctx_0025 | C6: jge_0001 | D6: 2026-01-01 | E6: =F6 -> 0.26582176 | F6: =G4 -> 0.26582176 | G6: =F6 + RANDBETWEEN(5, 120) / 86400 -> 0.26635417 | H6: =(G6 - F6) * 86400000 -> 46000 | I6: =RANDBETWEEN(80000, 120000) -> 82804 | J6: COMPLETED | K6: 0 | L6: Success | M6: 0
A7: jbex_0006 | B7: ctx_0026 | C7: jge_0001 | D7: 2026-01-01 | E7: =F7 -> 0.26689815 | F7: =IF(G5 > G6, G5, G6) -> 0.26689815 | G7: =F7 + RANDBETWEEN(5, 120) / 86400 -> 0.26706019 | H7: =(G7 - F7) * 86400000 -> 14000 | I7: =RANDBETWEEN(80000, 120000) -> 102375 | J7: COMPLETED | K7: 0 | L7: Success | M7: 0
A8: jbex_0007 | B8: ctx_0028 | C8: jge_0002 | D8: 2026-01-02 | E8: =JobGroupExecutions!D3 -> 0.25 | F8: =IF(JobGroupExecutions!D3 > ResourceAvailabilityEvents!D3, JobGroupExecutions!D3, ResourceAvailabilityEvents!D3) -> 0.25 | G8: =F8 + RANDBETWEEN(5, 120) / 86400 -> 0.25056713 | H8: =(G8 - F8) * 86400000 -> 49000 | I8: =RANDBETWEEN(20000, 40000) -> 28069 | J8: COMPLETED | K8: 0 | L8: Success | M8: 0
A9: jbex_0008 | B9: ctx_0022 | C9: jge_0002 | D9: 2026-01-02 | E9: =F9 -> 0.25056713 | F9: =G8 -> 0.25056713 | G9: =F9 + RANDBETWEEN(5, 120) / 86400 -> 0.25072917 | H9: =(G9 - F9) * 86400000 -> 14000 | I9: =RANDBETWEEN(20000, 40000) -> 26429 | J9: COMPLETED | K9: 0 | L9: Success | M9: 0
A10: jbex_0009 | B10: ctx_0023 | C10: jge_0002 | D10: 2026-01-02 | E10: =F10 -> 0.25056713 | F10: =G8 -> 0.25056713 | G10: =F10 + RANDBETWEEN(5, 120) / 86400 -> 0.25186343 | H10: =(G10 - F10) * 86400000 -> 112000 | I10: =RANDBETWEEN(20000, 40000) -> 22846 | J10: COMPLETED | K10: 0 | L10: Success | M10: 0
A11: jbex_0010 | B11: ctx_0024 | C11: jge_0002 | D11: 2026-01-02 | E11: =F11 -> 0.25072917 | F11: =G9 -> 0.25072917 | G11: =F11 + RANDBETWEEN(5, 120) / 86400 -> 0.25091435 | H11: =(G11 - F11) * 86400000 -> 16000 | I11: =RANDBETWEEN(20000, 40000) -> 37015 | J11: COMPLETED | K11: 0 | L11: Success | M11: 0
A12: jbex_0011 | B12: ctx_0025 | C12: jge_0002 | D12: 2026-01-02 | E12: =F12 -> 0.25186343 | F12: =G10 -> 0.25186343 | G12: =F12 + RANDBETWEEN(5, 120) / 86400 -> 0.25315972 | H12: =(G12 - F12) * 86400000 -> 112000 | I12: =RANDBETWEEN(20000, 40000) -> 27002 | J12: COMPLETED | K12: 0 | L12: Success | M12: 0
A13: jbex_0012 | B13: ctx_0026 | C13: jge_0002 | D13: 2026-01-02 | E13: =F13 -> 0.25315972 | F13: =IF(G11 > G12, G11, G12) -> 0.25315972 | G13: =F13 + RANDBETWEEN(5, 120) / 86400 -> 0.2537037 | H13: =(G13 - F13) * 86400000 -> 47000 | I13: =RANDBETWEEN(20000, 40000) -> 24396 | J13: COMPLETED | K13: 0 | L13: Success | M13: 0
A14: jbex_0013 | B14: ctx_0028 | C14: jge_0003 | D14: 2026-01-03 | E14: =JobGroupExecutions!D4 -> 0.25 | F14: =IF(JobGroupExecutions!D4 > ResourceAvailabilityEvents!D4, JobGroupExecutions!D4, ResourceAvailabilityEvents!D4) -> 0.25 | G14: =F14 + RANDBETWEEN(5, 120) / 86400 -> 0.25136574 | H14: =(G14 - F14) * 86400000 -> 118000 | I14: =RANDBETWEEN(20000, 40000) -> 31464 | J14: COMPLETED | K14: 0 | L14: Success | M14: 0
A15: jbex_0014 | B15: ctx_0022 | C15: jge_0003 | D15: 2026-01-03 | E15: =F15 -> 0.25136574 | F15: =G14 -> 0.25136574 | G15: =F15 + RANDBETWEEN(5, 120) / 86400 -> 0.25149306 | H15: =(G15 - F15) * 86400000 -> 11000 | I15: =RANDBETWEEN(20000, 40000) -> 25244 | J15: COMPLETED | K15: 0 | L15: Success | M15: 0
A16: jbex_0015 | B16: ctx_0023 | C16: jge_0003 | D16: 2026-01-03 | E16: =F16 -> 0.25136574 | F16: =G14 -> 0.25136574 | G16: =F16 + RANDBETWEEN(5, 120) / 86400 -> 0.25184028 | H16: =(G16 - F16) * 86400000 -> 41000 | I16: =RANDBETWEEN(20000, 40000) -> 21908 | J16: COMPLETED | K16: 0 | L16: Success | M16: 0
A17: jbex_0016 | B17: ctx_0024 | C17: jge_0003 | D17: 2026-01-03 | E17: =F17 -> 0.25149306 | F17: =G15 -> 0.25149306 | G17: =F17 + RANDBETWEEN(5, 120) / 86400 -> 0.25197917 | H17: =(G17 - F17) * 86400000 -> 42000 | I17: =RANDBETWEEN(20000, 40000) -> 30353 | J17: COMPLETED | K17: 0 | L17: Success | M17: 0
A18: jbex_0017 | B18: ctx_0025 | C18: jge_0003 | D18: 2026-01-03 | E18: =F18 -> 0.25184028 | F18: =G16 -> 0.25184028 | G18: =F18 + RANDBETWEEN(5, 120) / 86400 -> 0.25270833 | H18: =(G18 - F18) * 86400000 -> 75000 | I18: =RANDBETWEEN(20000, 40000) -> 21463 | J18: COMPLETED | K18: 0 | L18: Success | M18: 0
A19: jbex_0018 | B19: ctx_0026 | C19: jge_0003 | D19: 2026-01-03 | E19: =F19 -> 0.25270833 | F19: =IF(G17 > G18, G17, G18) -> 0.25270833 | G19: =F19 + RANDBETWEEN(5, 120) / 86400 -> 0.25408565 | H19: =(G19 - F19) * 86400000 -> 119000 | I19: =RANDBETWEEN(20000, 40000) -> 27814 | J19: COMPLETED | K19: 0 | L19: Success | M19: 0
A20: jbex_0019 | B20: ctx_0019 | C20: jge_0004 | D20: 2026-01-01 | E20: =JobGroupExecutions!D5 -> 0.58333333 | F20: =IF(JobGroupExecutions!D5 > ResourceAvailabilityEvents!D11, JobGroupExecutions!D5, ResourceAvailabilityEvents!D11) -> 0.58333333 | G20: =F20 + RANDBETWEEN(280, 400) / 86400 -> 0.58674769 | H20: =(G20 - F20) * 86400000 -> 295000 | I20: =RANDBETWEEN(90000, 120000) -> 117884 | J20: COMPLETED | K20: 0 | L20: Success | M20: 0
A21: jbex_0020 | B21: ctx_0013 | C21: jge_0004 | D21: 2026-01-01 | E21: =F21 -> 0.58674769 | F21: =G20 -> 0.58674769 | G21: =F21 + RANDBETWEEN(280, 390) / 86400 -> 0.59094907 | H21: =(G21 - F21) * 86400000 -> 363000 | I21: =RANDBETWEEN(90000, 120000) -> 96350 | J21: COMPLETED | K21: 0 | L21: Success | M21: 0
A22: jbex_0021 | B22: ctx_0014 | C22: jge_0004 | D22: 2026-01-01 | E22: =F22 -> 0.58674769 | F22: =G20 -> 0.58674769 | G22: =F22 + RANDBETWEEN(350, 450) / 86400 -> 0.59158565 | H22: =(G22 - F22) * 86400000 -> 418000 | I22: =RANDBETWEEN(90000, 120000) -> 115907 | J22: COMPLETED | K22: 0 | L22: Success | M22: 0
A23: jbex_0022 | B23: ctx_0015 | C23: jge_0004 | D23: 2026-01-01 | E23: =F23 -> 0.59094907 | F23: =G21 -> 0.59094907 | G23: =F23 + RANDBETWEEN(410, 710) / 86400 -> 0.59577546 | H23: =(G23 - F23) * 86400000 -> 417000 | I23: =RANDBETWEEN(90000, 120000) -> 95009 | J23: COMPLETED | K23: 0 | L23: Success | M23: 0
A24: jbex_0023 | B24: ctx_0016 | C24: jge_0004 | D24: 2026-01-01 | E24: =F24 -> 0.59158565 | F24: =G22 -> 0.59158565 | G24: =F24 + RANDBETWEEN(350, 650) / 86400 -> 0.59766204 | H24: =(G24 - F24) * 86400000 -> 525000 | I24: =RANDBETWEEN(90000, 120000) -> 115421 | J24: COMPLETED | K24: 0 | L24: Success | M24: 0
A25: jbex_0024 | B25: ctx_0018 | C25: jge_0004 | D25: 2026-01-01 | E25: =F25 -> 0.59577546 | F25: =G23 -> 0.59577546 | G25: =F25 + RANDBETWEEN(250, 450) / 86400 -> 0.599375 | H25: =(G25 - F25) * 86400000 -> 311000 | I25: =RANDBETWEEN(90000, 120000) -> 91940 | J25: COMPLETED | K25: 0 | L25: Success | M25: 0
A26: jbex_0025 | B26: ctx_0017 | C26: jge_0004 | D26: 2026-01-01 | E26: =F26 -> 0.59766204 | F26: =G24 -> 0.59766204 | G26: =F26 + RANDBETWEEN(250, 450) / 86400 -> 0.60142361 | H26: =(G26 - F26) * 86400000 -> 325000 | I26: =RANDBETWEEN(90000, 120000) -> 100051 | J26: COMPLETED | K26: 0 | L26: Success | M26: 0
A27: jbex_0026 | B27: ctx_0020 | C27: jge_0004 | D27: 2026-01-01 | E27: =F27 -> 0.60142361 | F27: =G26 -> 0.60142361 | G27: =F27 + RANDBETWEEN(250, 450) / 86400 -> 0.60663194 | H27: =(G27 - F27) * 86400000 -> 450000 | I27: =RANDBETWEEN(90000, 120000) -> 99442 | J27: COMPLETED | K27: 0 | L27: Success | M27: 0
A28: jbex_0027 | B28: ctx_0012 | C28: jge_0004 | D28: 2026-01-01 | E28: =F28 -> 0.60663194 | F28: =IF(G25 > G27, G25, G27) -> 0.60663194 | G28: =F28 + RANDBETWEEN(150, 350) / 86400 -> 0.60993056 | H28: =(G28 - F28) * 86400000 -> 285000 | I28: =RANDBETWEEN(90000, 120000) -> 97176 | J28: COMPLETED | K28: 0 | L28: Success | M28: 0
A29: jbex_0028 | B29: ctx_0019 | C29: jge_0005 | D29: 2026-01-02 | E29: =JobGroupExecutions!D6 -> 0.58333333 | F29: =IF(JobGroupExecutions!D6 > ResourceAvailabilityEvents!D12, JobGroupExecutions!D6, ResourceAvailabilityEvents!D12) -> 0.58333333 | G29: =F29 + RANDBETWEEN(280, 400) / 86400 -> 0.58664352 | H29: =(G29 - F29) * 86400000 -> 286000 | I29: =RANDBETWEEN(20000, 30000) -> 23886 | J29: COMPLETED | K29: 0 | L29: Success | M29: 0
A30: jbex_0029 | B30: ctx_0013 | C30: jge_0005 | D30: 2026-01-02 | E30: =F30 -> 0.58664352 | F30: =G29 -> 0.58664352 | G30: =F30 + RANDBETWEEN(280, 390) / 86400 -> 0.59074074 | H30: =(G30 - F30) * 86400000 -> 354000 | I30: =RANDBETWEEN(20000, 30000) -> 23913 | J30: COMPLETED | K30: 0 | L30: Success | M30: 0
A31: jbex_0030 | B31: ctx_0014 | C31: jge_0005 | D31: 2026-01-02 | E31: =F31 -> 0.58664352 | F31: =G29 -> 0.58664352 | G31: =F31 + RANDBETWEEN(350, 450) / 86400 -> 0.59113426 | H31: =(G31 - F31) * 86400000 -> 388000 | I31: =RANDBETWEEN(20000, 30000) -> 22230 | J31: COMPLETED | K31: 0 | L31: Success | M31: 0
A32: jbex_0031 | B32: ctx_0015 | C32: jge_0005 | D32: 2026-01-02 | E32: =F32 -> 0.59074074 | F32: =G30 -> 0.59074074 | G32: =F32 + RANDBETWEEN(410, 710) / 86400 -> 0.59703704 | H32: =(G32 - F32) * 86400000 -> 544000 | I32: =RANDBETWEEN(20000, 30000) -> 22839 | J32: COMPLETED | K32: 0 | L32: Success | M32: 0
A33: jbex_0032 | B33: ctx_0016 | C33: jge_0005 | D33: 2026-01-02 | E33: =F33 -> 0.59113426 | F33: =G31 -> 0.59113426 | G33: =F33 + RANDBETWEEN(350, 650) / 86400 -> 0.59733796 | H33: =(G33 - F33) * 86400000 -> 536000 | I33: =RANDBETWEEN(20000, 30000) -> 28149 | J33: COMPLETED | K33: 0 | L33: Success | M33: 0
A34: jbex_0033 | B34: ctx_0018 | C34: jge_0005 | D34: 2026-01-02 | E34: =F34 -> 0.59703704 | F34: =G32 -> 0.59703704 | G34: =F34 + RANDBETWEEN(250, 450) / 86400 -> 0.60206019 | H34: =(G34 - F34) * 86400000 -> 434000 | I34: =RANDBETWEEN(20000, 30000) -> 27405 | J34: COMPLETED | K34: 0 | L34: Success | M34: 0
A35: jbex_0034 | B35: ctx_0017 | C35: jge_0005 | D35: 2026-01-02 | E35: =F35 -> 0.59733796 | F35: =G33 -> 0.59733796 | G35: =F35 + RANDBETWEEN(250, 450) / 86400 -> 0.6012037 | H35: =(G35 - F35) * 86400000 -> 334000 | I35: =RANDBETWEEN(20000, 30000) -> 21010 | J35: COMPLETED | K35: 0 | L35: Success | M35: 0
A36: jbex_0035 | B36: ctx_0020 | C36: jge_0005 | D36: 2026-01-02 | E36: =F36 -> 0.6012037 | F36: =G35 -> 0.6012037 | G36: =F36 + RANDBETWEEN(250, 450) / 86400 -> 0.6052662 | H36: =(G36 - F36) * 86400000 -> 351000 | I36: =RANDBETWEEN(20000, 30000) -> 21184 | J36: COMPLETED | K36: 0 | L36: Success | M36: 0
A37: jbex_0036 | B37: ctx_0012 | C37: jge_0005 | D37: 2026-01-02 | E37: =F37 -> 0.6052662 | F37: =IF(G34 > G36, G34, G36) -> 0.6052662 | G37: =F37 + RANDBETWEEN(150, 350) / 86400 -> 0.60929398 | H37: =(G37 - F37) * 86400000 -> 348000 | I37: =RANDBETWEEN(20000, 30000) -> 25302 | J37: COMPLETED | K37: 0 | L37: Success | M37: 0
A38: jbex_0037 | B38: ctx_0019 | C38: jge_0006 | D38: 2026-01-03 | E38: =JobGroupExecutions!D7 -> 0.58333333 | F38: =IF(JobGroupExecutions!D7 > ResourceAvailabilityEvents!D13, JobGroupExecutions!D7, ResourceAvailabilityEvents!D13) -> 0.58333333 | G38: =F38 + RANDBETWEEN(280, 400) / 86400 -> 0.58744213 | H38: =(G38 - F38) * 86400000 -> 355000 | I38: =RANDBETWEEN(30000, 40000) -> 36517 | J38: COMPLETED | K38: 0 | L38: Success | M38: 0
A39: jbex_0038 | B39: ctx_0013 | C39: jge_0006 | D39: 2026-01-03 | E39: =F39 -> 0.58744213 | F39: =G38 -> 0.58744213 | G39: =F39 + RANDBETWEEN(280, 390) / 86400 -> 0.59084491 | H39: =(G39 - F39) * 86400000 -> 294000 | I39: =RANDBETWEEN(30000, 40000) -> 34313 | J39: COMPLETED | K39: 0 | L39: Success | M39: 0
A40: jbex_0039 | B40: ctx_0014 | C40: jge_0006 | D40: 2026-01-03 | E40: =F40 -> 0.58744213 | F40: =G38 -> 0.58744213 | G40: =F40 + RANDBETWEEN(350, 450) / 86400 -> 0.59248843 | H40: =(G40 - F40) * 86400000 -> 436000 | I40: =RANDBETWEEN(30000, 40000) -> 36661 | J40: COMPLETED | K40: 0 | L40: Success | M40: 0
A41: jbex_0040 | B41: ctx_0015 | C41: jge_0006 | D41: 2026-01-03 | E41: =F41 -> 0.59084491 | F41: =G39 -> 0.59084491 | G41: =F41 + RANDBETWEEN(410, 710) / 86400 -> 0.59892361 | H41: =(G41 - F41) * 86400000 -> 698000 | I41: =RANDBETWEEN(30000, 40000) -> 38562 | J41: COMPLETED | K41: 0 | L41: Success | M41: 0
A42: jbex_0041 | B42: ctx_0016 | C42: jge_0006 | D42: 2026-01-03 | E42: =F42 -> 0.59248843 | F42: =G40 -> 0.59248843 | G42: =F42 + RANDBETWEEN(350, 650) / 86400 -> 0.59974537 | H42: =(G42 - F42) * 86400000 -> 627000 | I42: =RANDBETWEEN(30000, 40000) -> 31372 | J42: COMPLETED | K42: 0 | L42: Success | M42: 0
A43: jbex_0042 | B43: ctx_0018 | C43: jge_0006 | D43: 2026-01-03 | E43: =F43 -> 0.59892361 | F43: =G41 -> 0.59892361 | G43: =F43 + RANDBETWEEN(250, 450) / 86400 -> 0.60321759 | H43: =(G43 - F43) * 86400000 -> 371000 | I43: =RANDBETWEEN(30000, 40000) -> 30399 | J43: COMPLETED | K43: 0 | L43: Success | M43: 0
A44: jbex_0043 | B44: ctx_0017 | C44: jge_0006 | D44: 2026-01-03 | E44: =F44 -> 0.59974537 | F44: =G42 -> 0.59974537 | G44: =F44 + RANDBETWEEN(250, 450) / 86400 -> 0.60472222 | H44: =(G44 - F44) * 86400000 -> 430000 | I44: =RANDBETWEEN(30000, 40000) -> 38868 | J44: COMPLETED | K44: 0 | L44: Success | M44: 0
A45: jbex_0044 | B45: ctx_0020 | C45: jge_0006 | D45: 2026-01-03 | E45: =F45 -> 0.60472222 | F45: =G44 -> 0.60472222 | G45: =F45 + RANDBETWEEN(250, 450) / 86400 -> 0.60892361 | H45: =(G45 - F45) * 86400000 -> 363000 | I45: =RANDBETWEEN(30000, 40000) -> 37608 | J45: COMPLETED | K45: 0 | L45: Success | M45: 0
A46: jbex_0045 | B46: ctx_0012 | C46: jge_0006 | D46: 2026-01-03 | E46: =F46 -> 0.60892361 | F46: =IF(G43 > G45, G43, G45) -> 0.60892361 | G46: =F46 + RANDBETWEEN(150, 350) / 86400 -> 0.61168981 | H46: =(G46 - F46) * 86400000 -> 239000 | I46: =RANDBETWEEN(30000, 40000) -> 36870 | J46: COMPLETED | K46: 0 | L46: Success | M46: 0
A47: jbex_0046 | B47: ctx_0010 | C47: jge_0007 | D47: 2026-01-01 | E47: =JobGroupExecutions!D8 -> 0.875 | F47: =IF(JobGroupExecutions!D8 > ResourceAvailabilityEvents!D5, JobGroupExecutions!D8, ResourceAvailabilityEvents!D5) -> 0.875 | G47: =F47 + RANDBETWEEN(250, 450) / 86400 -> 0.87951389 | H47: =(G47 - F47) * 86400000 -> 390000 | I47: =RANDBETWEEN(100000, 120000) -> 117277 | J47: COMPLETED | K47: 0 | L47: Success | M47: 0
A48: jbex_0047 | B48: ctx_0003 | C48: jge_0007 | D48: 2026-01-01 | E48: =F48 -> 0.87951389 | F48: =G47 -> 0.87951389 | G48: =F48 + RANDBETWEEN(150, 350) / 86400 -> 0.88190972 | H48: =(G48 - F48) * 86400000 -> 207000 | I48: =RANDBETWEEN(100000, 120000) -> 119878 | J48: COMPLETED | K48: 0 | L48: Success | M48: 0
A49: jbex_0048 | B49: ctx_0004 | C49: jge_0007 | D49: 2026-01-01 | E49: =F49 -> 0.87951389 | F49: =G47 -> 0.87951389 | G49: =F49 + RANDBETWEEN(300, 500) / 86400 -> 0.88460648 | H49: =(G49 - F49) * 86400000 -> 440000 | I49: =RANDBETWEEN(100000, 120000) -> 104400 | J49: COMPLETED | K49: 0 | L49: Success | M49: 0
A50: jbex_0049 | B50: ctx_0005 | C50: jge_0007 | D50: 2026-01-01 | E50: =IF(G48 > G49, G48, G49) -> 0.88460648 | F50: =IF((IF(G48 > G49, G48, G49)) > ResourceAvailabilityEvents!D17, (IF(G48 > G49, G48, G49)), ResourceAvailabilityEvents!D17) -> 0.89930556 | G50: =F50 + RANDBETWEEN(450, 750) / 86400 -> 0.9071412 | H50: =(G50 - F50) * 86400000 -> 677000 | I50: =RANDBETWEEN(100000, 120000) -> 115953 | J50: COMPLETED | K50: 0 | L50: Success | M50: 0
A51: jbex_0050 | B51: ctx_0006 | C51: jge_0007 | D51: 2026-01-01 | E51: =F51 -> 0.9071412 | F51: =G50 -> 0.9071412 | G51: =F51 + RANDBETWEEN(450, 750) / 86400 -> 0.91347222 | H51: =(G51 - F51) * 86400000 -> 547000 | I51: =RANDBETWEEN(100000, 120000) -> 110952 | J51: COMPLETED | K51: 0 | L51: Success | M51: 0
A52: jbex_0051 | B52: ctx_0007 | C52: jge_0007 | D52: 2026-01-01 | E52: =F52 -> 0.91347222 | F52: =G51 -> 0.91347222 | G52: =F52 + RANDBETWEEN(200, 400) / 86400 -> 0.91758102 | H52: =(G52 - F52) * 86400000 -> 355000 | I52: =RANDBETWEEN(100000, 120000) -> 114727 | J52: COMPLETED | K52: 0 | L52: Success | M52: 0
A53: jbex_0052 | B53: ctx_0008 | C53: jge_0007 | D53: 2026-01-01 | E53: =F53 -> 0.91758102 | F53: =G52 -> 0.91758102 | G53: =F53 + RANDBETWEEN(200, 400) / 86400 -> 0.92043981 | H53: =(G53 - F53) * 86400000 -> 247000 | I53: =RANDBETWEEN(100000, 120000) -> 106349 | J53: COMPLETED | K53: 0 | L53: Success | M53: 0
A54: jbex_0053 | B54: ctx_0011 | C54: jge_0007 | D54: 2026-01-01 | E54: =F54 -> 0.92043981 | F54: =G53 -> 0.92043981 | G54: =F54 + RANDBETWEEN(250, 450) / 86400 -> 0.92547454 | H54: =(G54 - F54) * 86400000 -> 435000 | I54: =RANDBETWEEN(100000, 120000) -> 113776 | J54: COMPLETED | K54: 0 | L54: Success | M54: 0
A55: jbex_0054 | B55: ctx_0002 | C55: jge_0007 | D55: 2026-01-01 | E55: =F55 -> 0.92547454 | F55: =G54 -> 0.92547454 | G55: =F55 + RANDBETWEEN(150, 350) / 86400 -> 0.92796296 | H55: =(G55 - F55) * 86400000 -> 215000 | I55: =RANDBETWEEN(100000, 120000) -> 112572 | J55: COMPLETED | K55: 0 | L55: Success | M55: 0
A56: jbex_0055 | B56: ctx_0010 | C56: jge_0008 | D56: 2026-01-02 | E56: =JobGroupExecutions!D9 -> 0.875 | F56: =IF(JobGroupExecutions!D9 > ResourceAvailabilityEvents!D6, JobGroupExecutions!D9, ResourceAvailabilityEvents!D6) -> 0.875 | G56: =F56 + RANDBETWEEN(250, 450) / 86400 -> 0.87868056 | H56: =(G56 - F56) * 86400000 -> 318000 | I56: =RANDBETWEEN(20000, 30000) -> 21896 | J56: COMPLETED | K56: 0 | L56: Success | M56: 0
A57: jbex_0056 | B57: ctx_0003 | C57: jge_0008 | D57: 2026-01-02 | E57: =F57 -> 0.87868056 | F57: =G56 -> 0.87868056 | G57: =F57 + RANDBETWEEN(150, 350) / 86400 -> 0.88135417 | H57: =(G57 - F57) * 86400000 -> 231000 | I57: =RANDBETWEEN(20000, 30000) -> 29165 | J57: COMPLETED | K57: 0 | L57: Success | M57: 0
A58: jbex_0057 | B58: ctx_0004 | C58: jge_0008 | D58: 2026-01-02 | E58: =F58 -> 0.87868056 | F58: =G56 -> 0.87868056 | G58: =F58 + RANDBETWEEN(300, 500) / 86400 -> 0.88251157 | H58: =(G58 - F58) * 86400000 -> 331000 | I58: =RANDBETWEEN(20000, 30000) -> 29199 | J58: COMPLETED | K58: 0 | L58: Success | M58: 0
A59: jbex_0058 | B59: ctx_0005 | C59: jge_0008 | D59: 2026-01-02 | E59: =IF(G57 > G58, G57, G58) -> 0.88251157 | F59: =IF((IF(G57 > G58, G57, G58)) > ResourceAvailabilityEvents!D18, (IF(G57 > G58, G57, G58)), ResourceAvailabilityEvents!D18) -> 0.88251157 | G59: =F59 + RANDBETWEEN(450, 750) / 86400 -> 0.88925926 | H59: =(G59 - F59) * 86400000 -> 583000 | I59: =RANDBETWEEN(20000, 30000) -> 22231 | J59: COMPLETED | K59: 0 | L59: Success | M59: 0
A60: jbex_0059 | B60: ctx_0006 | C60: jge_0008 | D60: 2026-01-02 | E60: =F60 -> 0.88925926 | F60: =G59 -> 0.88925926 | G60: =F60 + RANDBETWEEN(450, 750) / 86400 -> 0.89592593 | H60: =(G60 - F60) * 86400000 -> 576000 | I60: =RANDBETWEEN(20000, 30000) -> 20316 | J60: COMPLETED | K60: 0 | L60: Success | M60: 0
A61: jbex_0060 | B61: ctx_0007 | C61: jge_0008 | D61: 2026-01-02 | E61: =F61 -> 0.89592593 | F61: =G60 -> 0.89592593 | G61: =F61 + RANDBETWEEN(200, 400) / 86400 -> 0.90016204 | H61: =(G61 - F61) * 86400000 -> 366000 | I61: =RANDBETWEEN(20000, 30000) -> 26256 | J61: COMPLETED | K61: 0 | L61: Success | M61: 0
A62: jbex_0061 | B62: ctx_0008 | C62: jge_0008 | D62: 2026-01-02 | E62: =F62 -> 0.90016204 | F62: =G61 -> 0.90016204 | G62: =F62 + RANDBETWEEN(200, 400) / 86400 -> 0.90255787 | H62: =(G62 - F62) * 86400000 -> 207000 | I62: =RANDBETWEEN(20000, 30000) -> 22500 | J62: COMPLETED | K62: 0 | L62: Success | M62: 0
A63: jbex_0062 | B63: ctx_0011 | C63: jge_0008 | D63: 2026-01-02 | E63: =F63 -> 0.90255787 | F63: =G62 -> 0.90255787 | G63: =F63 + RANDBETWEEN(250, 450) / 86400 -> 0.9056713 | H63: =(G63 - F63) * 86400000 -> 269000 | I63: =RANDBETWEEN(20000, 30000) -> 24331 | J63: COMPLETED | K63: 0 | L63: Success | M63: 0
A64: jbex_0063 | B64: ctx_0002 | C64: jge_0008 | D64: 2026-01-02 | E64: =F64 -> 0.9056713 | F64: =G63 -> 0.9056713 | G64: =F64 + RANDBETWEEN(150, 350) / 86400 -> 0.9074537 | H64: =(G64 - F64) * 86400000 -> 154000 | I64: =RANDBETWEEN(20000, 30000) -> 21347 | J64: COMPLETED | K64: 0 | L64: Success | M64: 0
A65: jbex_0064 | B65: ctx_0010 | C65: jge_0009 | D65: 2026-01-03 | E65: =JobGroupExecutions!D10 -> 0.875 | F65: =IF(JobGroupExecutions!D10 > ResourceAvailabilityEvents!D7, JobGroupExecutions!D10, ResourceAvailabilityEvents!D7) -> 0.875 | G65: =F65 + RANDBETWEEN(250, 450) / 86400 -> 0.87893519 | H65: =(G65 - F65) * 86400000 -> 340000 | I65: =RANDBETWEEN(25000, 35000) -> 27233 | J65: COMPLETED | K65: 0 | L65: Success | M65: 0
A66: jbex_0065 | B66: ctx_0003 | C66: jge_0009 | D66: 2026-01-03 | E66: =F66 -> 0.87893519 | F66: =G65 -> 0.87893519 | G66: =F66 + RANDBETWEEN(150, 350) / 86400 -> 0.88070602 | H66: =(G66 - F66) * 86400000 -> 153000 | I66: =RANDBETWEEN(25000, 35000) -> 27107 | J66: COMPLETED | K66: 0 | L66: Success | M66: 0
A67: jbex_0066 | B67: ctx_0004 | C67: jge_0009 | D67: 2026-01-03 | E67: =F67 -> 0.87893519 | F67: =G65 -> 0.87893519 | G67: =F67 + RANDBETWEEN(300, 500) / 86400 -> 0.88392361 | H67: =(G67 - F67) * 86400000 -> 431000 | I67: =RANDBETWEEN(25000, 35000) -> 30592 | J67: COMPLETED | K67: 0 | L67: Success | M67: 0
A68: jbex_0067 | B68: ctx_0005 | C68: jge_0009 | D68: 2026-01-03 | E68: =IF(G66 > G67, G66, G67) -> 0.88392361 | F68: =IF((IF(G66 > G67, G66, G67)) > ResourceAvailabilityEvents!D19, (IF(G66 > G67, G66, G67)), ResourceAvailabilityEvents!D19) -> 0.92013889 | G68: =F68 + RANDBETWEEN(450, 750) / 86400 -> 0.92775463 | H68: =(G68 - F68) * 86400000 -> 658000 | I68: =RANDBETWEEN(25000, 35000) -> 26080 | J68: COMPLETED | K68: 0 | L68: Success | M68: 0
A69: jbex_0068 | B69: ctx_0006 | C69: jge_0009 | D69: 2026-01-03 | E69: =F69 -> 0.92775463 | F69: =G68 -> 0.92775463 | G69: =F69 + RANDBETWEEN(450, 750) / 86400 -> 0.93525463 | H69: =(G69 - F69) * 86400000 -> 648000 | I69: =RANDBETWEEN(25000, 35000) -> 32408 | J69: COMPLETED | K69: 0 | L69: Success | M69: 0
A70: jbex_0069 | B70: ctx_0007 | C70: jge_0009 | D70: 2026-01-03 | E70: =F70 -> 0.93525463 | F70: =G69 -> 0.93525463 | G70: =F70 + RANDBETWEEN(200, 400) / 86400 -> 0.93891204 | H70: =(G70 - F70) * 86400000 -> 316000 | I70: =RANDBETWEEN(25000, 35000) -> 25959 | J70: COMPLETED | K70: 0 | L70: Success | M70: 0
A71: jbex_0070 | B71: ctx_0008 | C71: jge_0009 | D71: 2026-01-03 | E71: =F71 -> 0.93891204 | F71: =G70 -> 0.93891204 | G71: =F71 + RANDBETWEEN(200, 400) / 86400 -> 0.94206019 | H71: =(G71 - F71) * 86400000 -> 272000 | I71: =RANDBETWEEN(25000, 35000) -> 32781 | J71: COMPLETED | K71: 0 | L71: Success | M71: 0
A72: jbex_0071 | B72: ctx_0011 | C72: jge_0009 | D72: 2026-01-03 | E72: =F72 -> 0.94206019 | F72: =G71 -> 0.94206019 | G72: =F72 + RANDBETWEEN(250, 450) / 86400 -> 0.94509259 | H72: =(G72 - F72) * 86400000 -> 262000 | I72: =RANDBETWEEN(25000, 35000) -> 32636 | J72: COMPLETED | K72: 0 | L72: Success | M72: 0
A73: jbex_0072 | B73: ctx_0002 | C73: jge_0009 | D73: 2026-01-03 | E73: =F73 -> 0.94509259 | F73: =G72 -> 0.94509259 | G73: =F73 + RANDBETWEEN(150, 350) / 86400 -> 0.94770833 | H73: =(G73 - F73) * 86400000 -> 226000 | I73: =RANDBETWEEN(25000, 35000) -> 33297 | J73: COMPLETED | K73: 0 | L73: Success | M73: 0

Sheet ResourceAvailabilityEvents
A1: id | B1: resourceId | C1: businessDate | D1: availabilityTime | E1: sizemb | F1: checksum | G1: detectedBy
A2: RSD_file1_20260101 | B2: RES_005 | C2: 2026-01-01 | D2: =(JobGroupExecutions!D2) + TIME(0,20,0) -> 0.26388889 | E2: =(JobContextExecutions!I2) / 1000 -> 89.906 | F2: {=_xlfn.TEXTJOIN("",,CHAR(RANDBETWEEN(65,90+IF(_xlfn.RANDARRAY(24)<0.5,32,0))))} -> ]SDOuPQuQNCENIKrH_DARUJY | G2: FILE_WATCHER
A3: RSD_file1_20250102 | B3: RES_005 | C3: 2026-01-02 | D3: =(JobGroupExecutions!D3) -> 0.25 | E3: =(JobContextExecutions!I8) / 1000 -> 28.069 | F3: {=_xlfn.TEXTJOIN("",,CHAR(RANDBETWEEN(65,90+IF(_xlfn.RANDARRAY(24)<0.5,32,0))))} -> JG]KVUuOUQJxPtF]XDQSCkDm | G3: FILE_WATCHER
A4: RSD_file1_20250103 | B4: RES_005 | C4: 2026-01-03 | D4: =(JobGroupExecutions!D4) -> 0.25 | E4: =(JobContextExecutions!I14) / 1000 -> 31.464 | F4: {=_xlfn.TEXTJOIN("",,CHAR(RANDBETWEEN(65,90+IF(_xlfn.RANDARRAY(24)<0.5,32,0))))} -> CjWWZSMVUbD^PxMGRAUONUBU | G4: FILE_WATCHER
A5: RSD_file2_20250101 | B5: RES_002 | C5: 2026-01-01 | D5: =(JobGroupExecutions!D8) -> 0.875 | E5: =(JobContextExecutions!I47) / 1000 -> 117.277 | F5: {=_xlfn.TEXTJOIN("",,CHAR(RANDBETWEEN(65,90+IF(_xlfn.RANDARRAY(24)<0.5,32,0))))} -> AOYraGbUURETlHkGHZcvR]NN | G5: FILE_WATCHER
A6: RSD_file2_20250102 | B6: RES_002 | C6: 2026-01-02 | D6: =(JobGroupExecutions!D9) -> 0.875 | E6: =(JobContextExecutions!I56) / 1000 -> 21.896 | F6: {=_xlfn.TEXTJOIN("",,CHAR(RANDBETWEEN(65,90+IF(_xlfn.RANDARRAY(24)<0.5,32,0))))} -> NWNfSRRSUMoVEtCgEUoP^LOG | G6: FILE_WATCHER
A7: RSD_file2_20250103 | B7: RES_002 | C7: 2026-01-03 | D7: =(JobGroupExecutions!D10) -> 0.875 | E7: =(JobContextExecutions!I65) / 1000 -> 27.233 | F7: {=_xlfn.TEXTJOIN("",,CHAR(RANDBETWEEN(65,90+IF(_xlfn.RANDARRAY(24)<0.5,32,0))))} -> PICmL^GOgHPKFJdMqnjrhUXV | G7: FILE_WATCHER
A8: RSD_file3_20260101 | B8: RES_004 | C8: 2026-01-01 | D8: =(JobGroupExecutions!D8) -> 0.875 | E8: =(JobContextExecutions!I47) / 1000 -> 117.277 | F8: {=_xlfn.TEXTJOIN("",,CHAR(RANDBETWEEN(65,90+IF(_xlfn.RANDARRAY(24)<0.5,32,0))))} -> WGWaBMQzJ\T^lMZKnZTBQWIU | G8: FILE_WATCHER
A9: RSD_file3_20260102 | B9: RES_004 | C9: 2026-01-02 | D9: =(JobGroupExecutions!D9) -> 0.875 | E9: =(JobContextExecutions!I56) / 1000 -> 21.896 | F9: {=_xlfn.TEXTJOIN("",,CHAR(RANDBETWEEN(65,90+IF(_xlfn.RANDARRAY(24)<0.5,32,0))))} -> IQESOD]FBvzNOEsUGYZSNZhU | G9: FILE_WATCHER
A10: RSD_file3_20260103 | B10: RES_004 | C10: 2026-01-03 | D10: =(JobGroupExecutions!D10) -> 0.875 | E10: =(JobContextExecutions!I65) / 1000 -> 27.233 | F10: {=_xlfn.TEXTJOIN("",,CHAR(RANDBETWEEN(65,90+IF(_xlfn.RANDARRAY(24)<0.5,32,0))))} -> VFUZVRQ^Hy]PxxEPDGtKSVKo | G10: FILE_WATCHER
A11: RSD_file4_20260101 | B11: RES_006 | C11: 2026-01-01 | D11: =(JobGroupExecutions!D5) -> 0.58333333 | E11: =(JobContextExecutions!I20) / 1000 -> 117.884 | F11: {=_xlfn.TEXTJOIN("",,CHAR(RANDBETWEEN(65,90+IF(_xlfn.RANDARRAY(24)<0.5,32,0))))} -> VXzKLWXHAUU_iEMZRBHlVChI | G11: FILE_WATCHER
A12: RSD_file4_20260102 | B12: RES_006 | C12: 2026-01-02 | D12: =(JobGroupExecutions!D6) -> 0.58333333 | E12: =(JobContextExecutions!I29) / 1000 -> 23.886 | F12: {=_xlfn.TEXTJOIN("",,CHAR(RANDBETWEEN(65,90+IF(_xlfn.RANDARRAY(24)<0.5,32,0))))} -> BXSVUYjLZVWEVKJHCvULQqbO | G12: FILE_WATCHER
A13: RSD_file4_20260103 | B13: RES_006 | C13: 2026-01-03 | D13: =(JobGroupExecutions!D7) -> 0.58333333 | E13: =(JobContextExecutions!I38) / 1000 -> 36.517 | F13: {=_xlfn.TEXTJOIN("",,CHAR(RANDBETWEEN(65,90+IF(_xlfn.RANDARRAY(24)<0.5,32,0))))} -> aGXInVLNRQJJC`jpCwCFFYSZ | G13: FILE_WATCHER
A14: RSD_file5_20260101 | B14: RES_001 | C14: 2026-01-01 | D14: =(JobGroupExecutions!D8) -> 0.875 | E14: =(JobContextExecutions!I47) / 1000 -> 117.277 | F14: {=_xlfn.TEXTJOIN("",,CHAR(RANDBETWEEN(65,90+IF(_xlfn.RANDARRAY(24)<0.5,32,0))))} -> JJAIohemU^pBXTFfJPEXBX]i | G14: FILE_WATCHER
A15: RSD_file5_20260102 | B15: RES_001 | C15: 2026-01-02 | D15: =(JobGroupExecutions!D9) -> 0.875 | E15: =(JobContextExecutions!I56) / 1000 -> 21.896 | F15: {=_xlfn.TEXTJOIN("",,CHAR(RANDBETWEEN(65,90+IF(_xlfn.RANDARRAY(24)<0.5,32,0))))} -> QKpRLgOpFvBSW]BVBsSoYK]m | G15: FILE_WATCHER
A16: RSD_file5_20260103 | B16: RES_001 | C16: 2026-01-03 | D16: =(JobGroupExecutions!D10) -> 0.875 | E16: =(JobContextExecutions!I65) / 1000 -> 27.233 | F16: {=_xlfn.TEXTJOIN("",,CHAR(RANDBETWEEN(65,90+IF(_xlfn.RANDARRAY(24)<0.5,32,0))))} -> TJFGHmBZECCZCQRHBGSWDOCC | G16: FILE_WATCHER
A17: RSD_file6_20260101 | B17: RES_003 | C17: 2026-01-01 | D17: =(JobGroupExecutions!D8) + TIME(0,35,0) -> 0.89930556 | E17: =(JobContextExecutions!I50) / 1000 -> 115.953 | F17: {=_xlfn.TEXTJOIN("",,CHAR(RANDBETWEEN(65,90+IF(_xlfn.RANDARRAY(24)<0.5,32,0))))} -> viVkQo\VphQHCeAHupVJFCUC | G17: FILE_WATCHER
A18: RSD_file6_20260102 | B18: RES_003 | C18: 2026-01-02 | D18: =(JobGroupExecutions!D9) -> 0.875 | E18: =(JobContextExecutions!I59) / 1000 -> 22.231 | F18: {=_xlfn.TEXTJOIN("",,CHAR(RANDBETWEEN(65,90+IF(_xlfn.RANDARRAY(24)<0.5,32,0))))} -> JZIXVQSFEWCF]NUjYKMVPVEF | G18: FILE_WATCHER
A19: RSD_file6_20260103 | B19: RES_003 | C19: 2026-01-03 | D19: =(JobGroupExecutions!D10) + TIME(1,5,0) -> 0.92013889 | E19: =(JobContextExecutions!I68) / 1000 -> 26.08 | F19: {=_xlfn.TEXTJOIN("",,CHAR(RANDBETWEEN(65,90+IF(_xlfn.RANDARRAY(24)<0.5,32,0))))} -> JMJFCHPFuFFJMBTIiIb`BKiv | G19: FILE_WATCHER
